Localisation	Id. source	Segment source	Segment cible	Id. cible
1.1.1	etYmWS8	Immo quia ( secundum Philosophum in Politicis ) <b> quae oportet dominum scire praecipere , </b> haec oportet subditum scire facere :	Ca Segund dize el philosopho enlas politicas <b> que aquellas cosas | que conujene al Senonr </b> de saber mandar essas mesmas	pXwE9OX, oWHJQrX
1.1.5	jsRPhVA	non debetur eis corona . <b> Oportet igitur actu bene agere , </b> ut per opera nostra mereamur	Enpero si non lidiaren de fech̃o non les es deuida corona ¶ <b> pues que asi es conviene bien fazer de fecho </b> por que por las nr̃as obras merescamos de auer buena fino buena ventura	pJisXhT
1.1.6	afgIYC8	Dictum est enim <b> quod decet Principem esse supra Hominem , </b> et totaliter diuinum .	Ca dicho n auemos ya desuso <b> que conuiene al Rei | e al prinçipe sier </b> mas que omne e ser del todo diuinal .	kawdtcq, pLcHhrV
1.1.9	hSIuxiM	honor tamen eos consequitur , <b> et decet eos acceptare honorem sibi exhibitum , </b> non habentibus Hominibus aliquid maius ,	enpero la honrra les parte nesçe a ellos . <b> Et conuiene les alos Reys de resçebir la honrra | que les fazenn los omes </b> por que los omes non les pueden dar mayor cosa que honrra	sbJ7vc2, p2r04mw
1.1.13	oHN9Sip	cum semper amor sit ad similes , et conformes , <b> oportet esse similem , </b> et conformem Deo ,	Et commo el amor sienpre sean los semeiables e acordables con el . <b> Conuiene que aquel que es para de ser </b> gualardonado de dios	tLPp7hm
1.2.1	tjYESQN	Virtutes autem quaedam sunt quidam ornatus , <b> et quaedam perfectiones animae . Oportet ergo prius ostendere , </b> quot sunt potentiae animae ,	Ca las uirtudes son vnos hornamentos e conponimientos e hunas perfectiones <b> que fazen acabada el alma . | Pues que assi es conuiene </b> mostrͣ primero quantos son los poderios del alma	xpQpYsE, sb8hFBL
1.2.1	jwNUTFQ	et appetitus intellectiuus , et sensitiuus , <b> oportet esse in talibus virtutes morales . </b> Quomodo distinguuntur virtutes :	que es la uoluntad Et el appetito sen setiuo <b> que sigue al seso conuiene </b> por fuerça	vbz3L7W
1.2.2	kyUNoBP	virtutem esse aliquid secundum rationem : <b> oportet ergo esse rationalem potentiam , </b> in qua potest esse virtus .	segunt razon <b> e por ende conuiene | que sea poderio razonable </b> aquel en que esta la uirtud ¶	e0FPTs7, fsFVDsK
1.2.3	w7syDvP	de quibus omnibus quid sunt , <b> et quomodo decet eas Reges habere , </b> et quas partes habent ,	con estas dichas diez <b> son doze las uirtudes morales delas quales todas que cosas son e en qual manera . | Conuiene a los Reyes </b> e alos prinçipes delos auer	xFsdsGn, sbYQQKR
1.2.6	d7eh1Y0	et agibilia sint singularia , <b> oportet prudentiam esse circa particularia , </b> applicando uniuersales regulas	en las cosas singulares . <b> Conuiene que la pradençia sea cerca las cosas singulares | e particulares </b> allegando las reglas generales alos negoçios singulares	cNgjFzB, muEOtwW
1.2.7	b3Yb9em	Triplici ergo via inuestigare possumus , <b> quod decet Regem esse prudentem . Primo , quia sine prudentia non est </b> Rex	Et pues que assi es podemos prouar en tres maneras <b> que conuiene al rey de seer sabio ¶ | La primera es que sin la pradençia non puede seer Rey segunt </b> uerdatmas solamente lo serie segunt el nonbre	vT3vMbI, sdNC8gM
1.2.8	iFT9XMe	quia nulli agenti hoc est possibile , <b> sed decet Regem habere praeteritorum memoriam , </b> ut possit ex praeteritis cognoscere ,	Ca esto ninguno non lo pie de fazer . <b> Mas conuiene al Rey de auer memoria delans cosas passadas | por que pue da </b> por las cosas passadas conosçer e tomar	bzb6WYh, uPoGU8r
1.2.8	qwQdiEJ	nec inniti semper solertiae propriae : <b> sed oportet ipsum esse docilem , </b> ut sit habilis ad capescendam doctrinam aliorum ,	nin atener se sienpre al su engennio propio . <b> Mas conuiene le de ser doctrinable | por que sea ido neo </b> para tomar doctrina de los otros tom̃ado conseio de buenos	sLsYDYR, nFHGpUn
1.2.8	yOt6WXy	Sed ratione gentis quam dirigit , <b> oportet ipsum esse expertum , </b> et cautum .	e del pueblo <b> a que ha de gouernar . | Conuiene al Rey </b> que sea j muy prouado et muy aꝑçebido	kLA9N4S, gRfu8pH
1.2.8	leRnZQC	ut possit eam melius in debitum finem dirigere . <b> Ultimo oportet ipsum esse cautum . </b> Nam sicut in speculabilibus falsa aliquando admiscentur veris ,	e traher los ala fin que deue¶ <b> Lo postrimero conuiene al Rey | que sea muy aꝑçebido . </b> Ca assi commo en las sçiençias especulatuias algunas cosas falsas	pLQ6w1H, uVj3lID
1.2.8	cB8Epxa	sed apparent bona . <b> Oportet igitur Regem esse cautum , </b> respuendo apparenter bona ,	maguera que lo non sean . <b> commo quier que paresçan buenas Et pues que assi es conuiene al Rey sea aꝑcebido </b> para desechar e despreçiar aquellas cosas	yHUMG9X
1.2.9	cnxr6oe	quae superius diximus , <b> oportet ipsos esse bonos , </b> et non habere voluntatem deprauatam :	que dixiemos de suso <b> conuieneles | que sean buenos </b> e que non ayan uoluntad mala nin desordenada	wCQET5A, qLNc0GA
1.2.12	u1azUm1	quae est quaedam clarissima virtus , probari potest , <b> quod decet eos obseruare Iustitiam . </b> Tertio hoc probari potest	que se puede prouar <b> que conuiene alos Reyes | de guardar la iustiçia . </b> lo terçero esso mismo se puede prouar	l1ZQFPn, fKkSCBu
1.2.12	ywB6Umt	quam ex aliis virtutibus moralibus . <b> Decet ergo Reges et Principes esse iustos , </b> tum quia debent esse regula agendorum ,	que a ninguno de los otros . <b> Et pues que assi es conuiene alos Reyes | e alos prinçipes de ser iustolo vno </b> por que deue ser regla de todas las cosas	ztdo8RX, obZ5atk
1.2.13	qI3B4Cc	et non recte , <b> oportet dare virtutem aliquam </b> circa timores , et audacias .	e en las osadias <b> por la qual sea el omne reglado en ellos . | por que contesce que algunos remen algunas cosas </b> que han de temer e alas uegadas temen alguas cosas	dzNpgl9, ymiRSfH
1.2.15	ce30lLe	Nam si volumus nutrimentales delectationes reprimere , <b> oportet nos temperari a potu , et cibo . </b> Temperando nos a potu ,	delectaçonnes nutermentales <b> con que se cera el cuerpo . | Conuiene nos que seamos tenprados en comer e en beuer </b> ca tenprando nos en el beuer seremos mesurados	mzxQEum, vHS33Fw
1.2.18	lEJYM9D	quae continet . <b> Cum ergo tanto deceat fontem habere os largius , </b> quanto ex eo plures participare debent :	Ca ha . manera daua so ancho e largo e da conplidamente lo que tiene <b> ¶pues que assi es conmo tanto conuenga ala fuente auer la boca | mas ancha </b> quanto della deuen	caOipdP, skSoeR2
1.2.23	wKIaWCd	ideo decet magnanimum esse paucorum operatiuum . <b> Quarto decet magnanimum esse apertum , </b> ut sit veridicus ,	Et por ende conuiene al magnanimo ser de pocas obras ¶ <b> La quarta propiedat es que conuiene al maguanimo ser magnifiesto </b> assi que sea uerdadero	qfRxNJm
1.2.23	oXwlylP	habere decet Reges , et Principes . <b> Decet enim Reges se non exponere </b> pro quibuscunque periculis ,	e alos prinçipes delas auer <b> Por que conuiene alos Reyes non se poner </b> a quales se quier periglos	jj4QR5N
1.2.23	dLuTWeu	ubi agetur de regimine Regni , <b> non decet eos esse plangitiuos , </b> vel deprecatiuos pro exterioribus bonis .	o determinaremos del gouernamiento del regno <b> que non conuiene alos Reyes de seer lloradores nin rogadores </b> por los bienes de fuera .	hzatf2b
1.2.24	t4Mz1gL	bene dictum est , <b> quod decet eos esse magnanimos , </b> et honoris amatiuos .	Bien dicho es <b> que a ellos pertenesce seer magnanimos </b> e amadores de honrra	cWBT2Ah
1.2.25	tPFMHsO	si unum et idem aliter et aliter acceptum nos retrahit et impellit , <b> oportebit circa illud dare duas virtutes , </b> unam impellentem ,	e nos allega a aquello que la razon manda o uieda . <b> Conuiene de dar en aquella cosa dos uirtudes ¶ La vna que nos allegue . </b> Et la otra qua nos arriedre dello .	arbKvQA
1.2.27	krXlDbz	mansuetudo nominat temperamentum irae . <b> Quod autem deceat Reges et Principes esse mansuetos , </b> ostendere non est difficile .	La manssedunbre nonbra tenpramiento de sana . <b> mas mostrar que conuiene alos Reyes | e alos prinçipes de ser manssos </b> esto non es cosa guaue mas ligera .	ozEK1xH, gNjw6Bj
1.2.27	htfa3hM	virtuosus non esset . <b> Tanto ergo magis decet Reges et Principes moueri </b> ad punitionem faciendam ,	non seria uirtuoso . <b> Et pues que assi es tanto | mas conuiene alos Reyes </b> e alos prinçipes de se mouer a dar penas .	jBtQynT, oeP3bru
1.2.29	rePwcgY	idest irrisores , et despectores . <b> Oportet ergo dare aliquam virtutem mediam , </b> per quam moderentur diminuta ,	que quiere dezir escarnidores e despreçiadores dessi mismos . <b> Et pues que assi es conuiene de dar alguna uirtud medianera </b> por la qual sean tenpradas las cosas menguadas	ivbDXX6
1.2.31	rd2hYMU	in hanc sententiam conuenerunt , <b> quod oportet virtutes connexas esse . </b> Dixerunt enim	commo los p̃h̃osacuerdan en esta sentençia <b> que conuiene que todas las uirtudes sean ayinntadas la vna con la vna con la otra . </b> Ca dixieron que aquel que ha vna uirtud	r3QLoYm
1.2.33	h8aepCB	et Principes alios excellere debent , <b> tanto ardentius decet eos diuinam gratiam postulare . </b> In hoc ergo eliditur Philosophorum elatio ,	e los prinçipes deuen sobrepular los otros en bondat tanto mas cobdiçiosamente <b> e con mayor desseo deuen demandar la gera de dios . | ¶ Et pues que assi es por esto se puede tirar </b> e quebrantar el orgullo	h8J947w, ofQ7IbS
1.3.3	hALrOoq	ad Rempublicam fecit Romam esse principantem et monarcham . <b> Hoc ergo modo quoslibet homines decet esse amatiuos , </b> ut primo et principaliter diligant	e auer sennorio en todo el mundo . <b> Pues que assi es que esto conuiene a todos los omes de ser amadores </b> assi que primero e prinçipalmente amen el bien diuinal	a9T4Op1
1.3.5	v3kGL9B	Possumus autem quadrupliciter ostendere , <b> quod deces Reges et Principes decenter se habere circa spem , </b> et sperare speranda ,	Mas nos podemos mostrar en quatro maneras <b> que conuiene alos Reyes | e alos prinçipes de se auer </b> conueniblemente cerca la esperança	np7ax2d, gXMjlBm
1.3.5	sJW3q0n	propter quae arguere possumus , <b> quod decet Reges et Principes esse bene sperantes . </b> Spes enim primo est de bono :	por las quales podemos mostrar <b> que conuiene alos Reyes e alos prinçipes de ser bien esperantes ¶ </b> Lo primero que la espança es de algun bien	qGpV0gQ
1.3.5	nmGmBpo	Possumus autem duplici via inuestigare , <b> quod decet Reges et Principes aliquid aggredi ultra vires , </b> et sperare ultra quam sit sperandum .	por dos maneras <b> que non conuiene alos Reyes | e alos prinçipes de acometer ninguna cosa </b> mas que la fuerca suya	sB0TAGe, pK1nDj4
1.3.6	jrWLWKK	non est fortis , sed satuus . <b> Oportet ergo videre </b> quo modo eos esse deceat timidos , et audaces .	en el primero libͤ de los grandes morales . <b> Et pues que assi es conuiene deuer </b> en qual manera conuiene alos Reyes de sertemosos	qoHCUA1
1.3.7	aOMWz6U	a Regibus , et Princibus , <b> quia eos maxime decet sequi imperium rationis . </b> Cauenda est ergo ira inordinata ,	e alos prinçipes <b> por que mucho mas conuiene aellos | de segnir el iuyzio dela razon e del entendimiento . </b> Et pues que assi es paresçe	kHlAcG8, nvxCEy9
1.3.11	h308k15	imitari debent . <b> Decet enim eos esse gratiosos , et misericordes . </b> Ipsi enim maxime esse debent	en quanto son passiones de loar <b> Por que conuiene a ellos de ser guaçiosos e mis cordiosos . </b> Ca ellos deuen ser muy conuenibles partidores de los bienes	so1k44N
1.3.11	c1CFEyC	quia non existimamus <b> ipsum oportere operari , </b> in quibus est verecundia .	Ca non cuydamos <b> que conuenga aellos de obrar ninguna cosa </b> en que caya uerguença .	hI0ROdn
1.4.1	hAiMLI4	quin committant aliqua turpia , <b> de quibus decet eos uerecundari : </b> Reges tamen et Principes ,	que non acometan algunas cosas torpes <b> delas quales les conuiene | que tomne uerguença . </b> Enpero esto non es de loar en los uieios nin en los Reyes .	jF8Fbfl, k9fF6KT
1.4.1	nUuex8O	adaptare possumus Regibus et Principibus : <b> quia decet eos esse liberales , </b> bonae spei ,	e alos prinçipes <b> por que conuiene aellos de ser liberales </b> e de buena esperança .	au3lsdW
1.4.1	wACWyHc	maxime magnanimitas competit Regibus et Principibus , <b> quia eos maxime magna decet operari , </b> et in ardua tendere .	e alos prinçipes la magernimidat <b> que alos otros | por que mucho conuiene a ellos de obrar grandes cosas </b> e entender cerca las cosas altas	uIy1XbH, c5xmvsz
1.4.2	lUHnCaW	ergo quia aliorum debent esse regula et mensura , <b> potissime eos decet moderatos esse . </b> Enumeratis moribus iuuenum ,	Et pues que assi es que los Reyes deuen ser regla <b> e mesura de todos los otros mucho les conuiene aellos de ser mas mesurados que los otros . </b> ontadas las costunbres de los mançebos	zWPbHvX
1.4.5	pvc2Aa1	subtiliter inuestigantes <b> quid decet eos facere , </b> ne opera eorum ,	e escodrinnadores sotilmente de todo aquello <b> que les conuiene de fazer </b> por que las sus obras	hs5AqkV
1.4.7	cwX7FGq	Potentes vero et principantes , <b> quia oportet eos intendere exterioribus curis , </b> retrahuntur ,	Mas los poderosos et los prinçipes <b> por que les conuiene de entender | e auer cuydados de muchͣs cosas retrahen se </b> e tiran se	lg50Xtm, yTrW7Ug
1.4.7	yizC3vY	aliquos malos mores : <b> quia non oportet omnes esse tales , </b> sed sufficit reperiri illud in pluribus :	li dellos contamos algunas malas costunbres <b> ca non conuiene que todos seantales . </b> Mas abasta que aquellas costunbres sean falladas en muchos por que non	uDu6PKE
2.1.2	juMZtcg	ad per se sufficientiam vitae , <b> oportet communitatem domus necessariam esse . </b> Reges ergo et Principes ,	e por si vale a conplimiento dela uida . <b> Conuiene que la comunidat dela casa sea mas neçessaria </b> Et pues que assi es los Reyes e los prinçipes	euM1PQj
2.1.3	mxeKIYS	et typo ostendere , <b> quod decet homines habere habitationes decentes </b> secundum suam possibilem facultatem ;	por que ael parte nesçe generalmente demostrar <b> por figera e por exienplo que conuiene alos omes de auer conueibles moradas </b> segunt el su poder e la su riqueza .	eE3KP2G
2.1.5	j9YeDbP	et serui ad conseruationem . Quare si generatio et conseruatio est quid naturale , <b> oportet domum quid naturale esse . </b> Amplius , quia generatio et conseruatio	conseruaçique por la qual cosa si la generaçion e la conseruaçion es cosa natural <b> conuiene | que la casa sea cosa natural ¶ </b> Otrossi por que la generaçion e la conseruaçion non pueden ser apartadas la vna dela otra	b1cP25g, imDuwLp
2.1.6	jgujmao	potest sibi simile producere , <b> sed oportet prius ipsam esse perfectam . </b> statim enim ,	luego que es fecha fazer otra semeiante <b> assi mas conuiene que ella primeramente sea acabada </b> enssi	b0yZ5DK
2.1.6	jChMCJb	nec statim potest sibi simile producere , <b> sed oportet prius ipsum esse perfectum : </b> producere ergo sibi similem ,	luego otro su semeinante <b> mas conuiene que primeramente el sea acabado . </b> Et pues que assi es engendrar su semeiante non pertenesçe a cosa natural tomada en qual quier manera mas pertenesçe a cosa natural en quanto ella es acabada .	lakYQr4
2.1.6	csbFq1I	Patet ergo quod ad hoc quod domus habeat esse perfectum , <b> oportet ibi esse tres communitates : </b> unam viri et uxoris , aliam domini et serui ,	Et por ende paresçe que para que la casa sea acabada <b> que conuiene que sean enlla tres comuundades . </b> ¶ La vna del uaron e dela muger ¶	kITR8xJ
2.1.6	teVZt9b	Nam cum in domo perfecta sint tria regimina , <b> oportet hunc librum tres habere partes ; </b> in quarum prima tractetur primo de regimine coniugali :	Ca commo en la casa acabada sean tres gouernamientos . <b> Ca conuiene que este libro sea partido en tres partes . </b> ¶ En la primera delas quales tractaremos del gouernamiento mater moianl .	arl82RD
2.1.7	jC1MkMH	tanto magis decet fugere Reges et Principes , <b> quanto decet eos meliores et virtuosiores esse . </b> His visis ,	mas conuiene alos Reyes <b> e alos prinçipes delo esquiuar quanto mas conuiene aellos de ser meiores | e mas uirtuosos que los otros . </b> ¶ Estas cosas dichͣs	cuI8P81, guMIt8t
2.1.8	tGhESLC	Probant autem Philosophi , <b> quod decet coniugia indiuisibilia esse . </b> Ad quod ostendendum adducere possumus duas vias ,	os philosofos prue una que los con̊uiene <b> que los casamientos sean sin departimiento ninguno </b> e que non le puedan partir .	ck7REXF
2.1.8	suXc4vI	et inrepudiatum . <b> Decet ergo omnes ciues coniungi </b> suis uxoribus indiuisibiliter absque repudiatione ,	por la qual el casamiento non deue ser partido nin repoyado . <b> Et pues que assy es conuiene a todos los çibdadanos de se ayuntar | asus muger </b> ssin departimiento ninguno	atI729y, aD8LFjS
2.1.9	svlL02G	Et tanto magis hoc decet Reges et Principes , <b> quanto decet eos meliores esse aliis , </b> et magis sequi ordinem naturalem .	e alos prinçipes de segnir mas orden natural <b> quanto mas conuiene aellos de ser meiores | que todos los otros . </b> Et pues que assi es paresçe	bG05zcW, kIPMW6u
2.1.10	s30QYly	ut si quis subiicitur Proposito et Regi , <b> oportet Propositum illum ad Regem ordinari , </b> et esse sub ipso repugnat	assi commo si algun çibdadano es subiecto al preuoste e al Rey . <b> Conuiene que el | prinoste sea ordenado al Rey e sea so el . </b> Et por ende contradize ala orden natural	cUKNf3U, hjr7oB4
2.1.10	miJOcIZ	simul viris pluribus detestabilius esse debet . <b> Decet ergo coniuges omnium ciuium uno viro esse contentas : </b> multo magis tamen hoc decet	que vna muger case en vno con mugons varones . <b> ¶ Et pues que assi es conuiene | quelas mugers de todos los çibdadanos sean pagadas de vn uaron . </b> Enpero mucho mas conuiene esto alas mugers de los Reyes	bQDQexR, bmHkGlK
2.1.11	zhARpiL	tanta multiplicaretur dilectio , <b> quod oporteret eos nimium vacare venereis . </b> Decet ergo omnes ciues non inire connubia	tanto se acrescentarie el amor entre ellos <b> que les conuernie de enteder | e de darse mucho alas obras de lux̉ia . </b> Et pues que assi es conuiene a todos los çibdadanos	hwpZHYM, gohLEUR
2.1.11	nhsv4MS	quod oporteret eos nimium vacare venereis . <b> Decet ergo omnes ciues non inire connubia </b> cum personis nimia consanguinitate coniunctis ;	e de darse mucho alas obras de lux̉ia . <b> Et pues que assi es conuiene a todos los çibdadanos | de non fazer casamientos entre perssonas </b> que son muy ayuntadas en parentesço	aOr7ayW, eSSVzUb
2.1.13	rTiHg4L	quam intemperantia coniugum aliorum . <b> Decet ergo coniuges temperatas esse . </b> Decet eas etiam amare operositatem :	dellos puede fazer mayor danno e enpeçemiento que la destenprança delas mugers de los otros . <b> Et pues que al sy es conuiene | que las muger ssean tenpradas . </b> Et avn les conuiene aellas de amar fazer buenas obras .	ie0ZX1m, pX007nn
2.1.14	tjoL4pf	Patet ergo , <b> quomodo decet omnes ciues alio regimine praeesse uxoribus , </b> et alio filiis :	Et pues que assi es paresçe <b> en qual manera conuiene a todos los çibdadanos | que enssennore en </b> por otro gouernamiento alos mugers	aJ8DKGb, cSuHavO
2.1.15	yLtRCfv	et quicquid natura praeparatur , <b> oportet ordinatissimum esse : </b> quia ille naturam dirigit ,	por la natura <b> conuiene que sea muy ordenado . </b> Ca aquel gnia la natura de que viene todo ordenamiento	rvuHMy7
2.1.16	vOXQ3Ep	et quomodo utendum sit eo . <b> Oportet ergo magis in particulari descendere , </b> qualiter omnes ciues	e en qual manera de una vsar del . <b> Et pues que assi es conuiene de desçender | mas en particular </b> mostrando en qual manera todos los çibdadanos et mayormente los Reyes	hSQ3C6j, j4lzKiZ
2.1.19	z4W7gV2	Nam quicunque vult aliquid bene regere , <b> oportet ipsum speciales habere cautelas ad ea , </b> circa quae videt ipsum magis deficere .	conuiene <b> que el aya algunas cautelas espeçiales | para aquellas cosas </b> en las quales vee	kQbljZv, gW3KnGH
2.1.19	b5qtAcs	in loquela dirigere , <b> oporteret eos instruere , </b> ut specialem pugnam	que qualiesse enderesçar los tartamudos en la fabla conuenir le ha <b> que los ensseñasse que tomassen espeçial batalla </b> e espeçial esfuerço cerca aquellas palauras	gm9LxzQ
2.1.19	jHF6449	vel dissensio oriri . <b> Secundo decet eas esse pudicas </b> et honestas .	e mayor discordia <b> que lo segundo couiene a el de los otros . </b> las de ser linpias e honestas	cMGjJjt
2.1.20	bdBlawn	insurgere nocumentum proli , <b> decet abstinere a tali copula : </b> est ergo obseruandum tempus debitum .	conuiene les de guardar se <b> de allegar se mucho alas mugers . Et pues que assi es conuiene les alos casados </b> de guardar tienpo conuenible	aJVWFEL
2.1.23	g6maG7O	Quia ergo sic est , <b> oportet foeminas deficere a ratione , </b> et habere consilium inualidum .	que las mugers <b> que fallezcan de vso de razon e que ayan el conseio flaço . </b> Ca quando el cuerpo es meior conplissionado tanto	ySx7if5
2.1.23	h2qWQOs	ut quia illud est citius in suo complemento , <b> sic oporteret repentino operari , </b> forte elegibilius esset huiusmodi consilium .	por que el consseio de la muger es mas ayna el su conplimiento que deluats . <b> por que si acaesçiesse de obrar alguna cosa adesora </b> por auentra a seria	y2Y2LY2
2.2.1	yoOctDy	Possumus autem triplici via venari , <b> quod decet huiusmodi solicitudinem habere parentes . </b> Prima via sumitur	Et nos podemos mostrar por tres razones <b> que conuienen a todos los padres | de auer grand cuydado de sus fijos </b> ¶	agfjDfk, maaWOjh
2.2.2	t9g7rMu	solicitari circa eos . <b> Licet omnes patres deceat solicitari </b> circa proprios filios ,	que han alos fijos sean cuy dadosos della <b> aguer que todos los padres de una </b> auer cuydado de sus fijos	wpDOEEy
2.2.2	uk9c6SK	eo quod principantis sit alios regere et gubernare : <b> tanto ergo magis decet Reges et Principes solicitari </b> circa proprios filios ,	por que alos prinçipes parte nesçe de gouernar e de garalo sots . <b> pues que assi es tanto mas conuiene alos Reyes </b> e alos prinçipes de ser acuçiosos de sus fijos	bpPhP8b
2.2.6	tzR2Zey	Nam cum aliquis est pronus ad aliquid , <b> oportet ipsum multum assuescere in contrarium , </b> ne inclinetur ad illud :	Ca quando alguno es inclinado a alguacosa . <b> Conuiene que el vse mucho en el contrario </b> por que non sea inclinado a aquella cosa .	y68YZkM
2.2.6	l3pvEGb	a lasciuiis retrahantur . <b> Decet ergo omnes ciues solicitari erga filios , </b> ut ab ipsa infantia instruentur ad bonos mores .	e por bueons castigos sean tirados delas loçanias . <b> Et pues que assi es | conuieneque todos los çibdadanos ayan grand cuydado de sus fijos </b> assi que luego en su moçedat	deFb7x3, x3931ZO
2.2.7	fBcyliK	in regno maius periculum imminere . <b> Licet deceret omnes homines cognoscere literas ; </b> ut per eas prudentiores effecti ,	Et quanto dela maliçia dellos vernie mayor periglo a todo el regno <b> omo quier que conuenga a todos los omes de saber letras </b> por que por ellas puedan ser mas sabios	kLDYfAz
2.2.7	cFnTaeU	quae est ex scientia acquirenda . <b> Decet enim volentes literas discere , </b> literales sermones scire distincte proferre .	que omne aprende ¶ <b> Lo primero paresce assi . | Ca conuiene que los que quieren aprinder sçiençia de letris </b> que aprendan pronunçiar departidamente las palabras delas letras ¶	jllTnUc, ycclQac
2.2.7	xi9fpDM	insudare literalibus disciplinis , <b> quanto decet eos intelligentiores et prudentiores esse , </b> ut possint naturaliter dominari .	e en las sçiençias liberales <b> quanto mas les conuiene de ser mas entendudos | e mas sabios que los otros </b> por que puedan	wizULj1, vqoHnsC
2.2.8	jTLuUY3	et per debitas rationes manifestemus propositum . <b> Oportuit ergo inuenire aliquam scientiam docentem modum , </b> quo formanda sunt argumenta , et rationes .	i anifestamos nr̃a uoluntad e nr̃a entençion . <b> Et por ende conuiene de fallar algua sçiençia | que nos mostrasse </b> en qual manera son de enformar los argumentos e las razones .	c6mZHgD, zzpl5ZH
2.2.8	nQq31gC	inquantum deseruiunt morali negocio . <b> Decet igitur eos scire grammaticam , </b> ut intelligant idioma literale :	en quanto siruen ala ph̃ia moral . <b> Et pues que assi es conuiene les a ellos de saber la guamatica </b> por que entiendan el lenguage delas letras	tjsNHKW
2.2.9	cVfLjvF	quam doctor : <b> decet igitur ipsum esse inuentiuum . </b> Secundo decet ipsum esse intelligentem et perspicacem .	este tal mas es rezador que doctor ¶ <b> Et pues que assi es conuiene al maestro | que non tan solamente sea fallador delas cosas </b> mas que sea entendido e sotil . Ca assi commo ninguon non puede abastar	kj9RJmi, mxgOK3H
2.2.9	dYb5A9V	decet igitur ipsum esse inuentiuum . <b> Secundo decet ipsum esse intelligentem et perspicacem . </b> Nam sicut nullus bene et perfecte	que non tan solamente sea fallador delas cosas <b> mas que sea entendido e sotil . Ca assi commo ninguon non puede abastar </b> asi en la uida bien	pt74kV2
2.2.9	pWfIXVg	et intelligens aliorum dicta . <b> Tertio oportet ipsum esse iudicatiuum : </b> nam perfectio scientiae potissime	e que entienda los dichͣs de los otros . <b> ¶ Lo terçero conuiene que sea iudgador </b> e que aya razon para iudgar .	gqIuJru
2.2.9	gLUcjo5	quomodo obliquata essent . <b> Decet igitur aliorum directorem memorem esse praeteritorum . </b> Secundo decet	Et pues que assi es conuiene <b> que el que ha degniar los otros | que sea acordado delas cosas passadas </b> ¶	nzbwZ8B, w2bSQ0m
2.2.9	fGqSdK3	Quantum vero ad prudentiam agibilium , <b> decet ipsum esse memorem , </b> prouidum , cautum , et circumspectum .	que son de fazer <b> conuiene le que el doctor sea menbrado e prouado e sabio e acatado . </b> Mas quanto ala uida deue ser honesto e bueno .	hfPwQ8L
2.2.17	o4nYEZF	Sufficiat autem ad praesens scire , <b> quod decet patres sic solicitari erga regimen filiorum , </b> ut habeant sic bene dispositum corpus ,	mas quanto alo presente abonda de saber <b> que conuiene alos padres ser assi | acuçiossos çerca el gouernamiento delos fijos </b> por que ayan el cuerpo bien ordenado	tdU8LLp, u4uONO1
2.2.17	gGtCQus	tres breues rationes , <b> quare decet filios esse subiectos , </b> et obedire senioribus , et patribus .	razono breues <b> por que conuiene alos fijos de ser lubiectos </b> e obedientes a lus padres e alos vieios .	gMMhNHi
2.2.20	lzLEeAM	circa qualia opera solicitari debent : <b> oportet in talibus differenter loqui </b> secundum diuersitatem personarum .	Mas si alguno demandare <b> de que se deuen trabaiar las mugers conuiene de fablar en tales cosas departidamente </b> segunt el departimiento delas perssonas	hCmUJJo
2.2.20	d7jJBxM	infra declarandum esse , <b> circa quae opera deceat foeminas esse intentas . </b> Ostenso ,	casamien toca y dixiemos que adelante serie de declarar cerca quales obras conuenia <b> que las mugers fuesen acuçiosas . </b> ostrado que non conuiene alas moças de andar uagarosas a quande e allende	vUHIDOw
2.2.21	b0UimF5	Ostenso , <b> quod non decet puellas esse vagabundas , </b> nec decet eas viuere otiose :	que las mugers fuesen acuçiosas . <b> ostrado que non conuiene alas moças de andar uagarosas a quande e allende </b> nin les conuiene de beuir ociosas	oHNT480
2.2.21	d2UBRj0	restat ut nunc tertio ostendamus , <b> quod decet eas taciturnas esse , </b> quod triplici via venari possumus .	finca que agora lo terçero mostremos <b> que deuen ser callantias | e non parleras </b> la qual cosa podemos mostrar	bCRl3t1, fU3lPkO
2.2.21	vhyjSv6	cautos proferre sermones , <b> decet eas non esse loquaces : </b> sed oportet ipsas esse debite taciturnitas ,	tomadesto <b> que las mugrͣ̃s non sean prestas avaraias e apeleas </b> ca commo las muger se mayormente las mocas	aJwDWZR
2.3.2	cj3iyCm	et mensuram ex illis : <b> oportet organa domus ordinata esse , </b> et organa inferiora ,	Et resçiben dellas manera de seruiçio e mesura . <b> Conuiene avn que los estrumentos dela casa sean ordenados </b> e que los instrumentos mas baxos	wo2RyQy
2.3.3	vIlorje	nam secundum Philosophum 4 Ethicorum capitulo de Magnificentia , <b> maxime gloriosos et nobiles decet esse magnificos : </b> Reges ergo et Principes ,	en el quarto libro delas ethicas <b> enł capitulo dela magnifiçençia | que much mas conuiene alos Reyes </b> e alos prinçipes	tuLnPnA, jf0C3XD
2.3.3	uMCDCS5	In domibus ergo Regum et Principum <b> oportet multos abundare ministros , </b> ut ergo non solum personas Regis et Principis ,	e de los prinçipes conuiene <b> que ayan muchos ofiçiales | e much ssiruient s̃ Et pues que assi es </b> por que non solamente la persona del Rey o del prinçipe mas avn	jPhDRc5, k572gct
2.3.3	rQOPwT0	in aedificiis constructis , <b> oportet ipsa esse magnifica . </b> Viso , qualia debent esse aedificia ,	que ellos fazen a <b> conuiene | que ellos sean muy grandes e muy costosas </b> ¶ Visto quales deuen ser las moradas	vdFlqyG, fhLmEur
2.3.9	jyhZIWw	Ut ergo sciamus quomodo huiusmodi commutationes <b> oportuit introduci , </b> sciendum quod si non esset	Et pues que assi es por que sepamos en qual manera conuiene <b> que estas tales muda connes fuessen puestas en la </b> tiecra deuedes saber	brPESv9
2.3.9	qaHEX9s	quibus non abundant frigidae et econuerso . <b> Propter quod non solum oportet communicare </b> et conuersari	Et por el cotrario en alguas abonda friura <b> que non abonda ca lentura </b> Por la qual cosa non solamente conuiene alos omes morar e conuerssar los vnos con los otros	zL09v70
2.3.9	gEzUOnP	commode ad partes longinquas portari non possunt . <b> Oportuit ergo inuenire aliquid </b> quod esset portabile ,	non las poderemos leuar conueniblemente a luengas tierras . <b> Et pues que assi es conuiene de fablar alguna cosa </b> que se podiesse leuar	gtIdPfl
2.3.9	bn4w0JC	et rerum ad numismata , <b> oportuit inuenire commutationem numismatum ad numismata . </b> Patet ergo quot sunt commutationes ,	e delas cosas alos <b> diueros otra mudaçiones | que es de monedas alas monedas . </b> Et pues que assi es paresçe	q8Uadhw, uqobmhM
2.3.13	mOGa8tE	ut si plures voces efficiunt aliquam harmoniam , <b> oportet ibi dare aliquam vocem praedominantem , </b> secundum quam tota harmonia diiudicatur .	Assi commo si muchas uozes fiziess en alguna armonia o concordança de canto . <b> Conuerna de dar y alguna bos | que enssennoreasse sobre las otras </b> segunt la qual serie iudgada toda aquella concordança delas uozes delas otras avn en essa misma manera	bF1RYzS, bibSzx0
2.3.15	qsogAE9	quos virtus et amor boni inclinat ad seruiendum , <b> decet principantes se habere quasi ad filios , </b> et decet eos regere non regimine seruili ,	e el amor de bien los inclina asuir . <b> Conuiene que los prinçipes se ayan çerca ellos | assi commo cerca de fijos . </b> Et conuiene les alos prinçipes delos gouernar non	fwI7EcP, p1eHEmV
2.3.16	iXretFL	si debet esse ordinata , <b> oportet reduci in unum aliquem , </b> a quo ordinetur .	En essa misma manera cada vna muchedunbre si bien ordenada es <b> conuiene que sea aduchͣa vn ordenador </b> de quien ella sea ordenada .	pRbXJZT
2.3.18	h2DO9gY	sed quia volunt retinere mores curiae et nobilium , <b> quos decet datiuos esse ; </b> propter quod tales curiales dici debent .	e de los no nobles omes alos <b> que les conuienne de ser dadores </b> e cobidadores	iz2TfFX
2.3.18	gXe7bRa	de leui patet <b> quod decet ministros Regum et Principum curiales esse . </b> Nam si decet Reges et Principes	Visto que cosa es la curialidat et la cortesia de ligero puede paresçer <b> que los seruientes de los Reyes | e delos prinçipes deuen ser curiales </b> e cortesesca	dOAbDwX, y6z7e0V
2.3.18	uu6pwwX	habere mores nobiles et curiales , ministros , <b> quos in bonis decet suos dominos imitari , </b> oportet curiales esse .	e de ser curiales e nobles <b> assi conuiene alos seruientes dellos | los que quieren semeiar a sus sennors </b> de ser buenos e mesurados e corteses .	uwBgtaK, sQipS1t
3.1.1	sZtNO6u	gratia alicuius boni , <b> oportet ciuitatem ipsam constitutam esse propter aliquod bonum . </b> Probat autem Philosophus primo Polit’ duplici via ,	commo toda comunidat sea por graçia de algun bien . <b> Conuiene que la çibdat sea establesçida por algun bien | Ca pruena el pho </b> enl primero libro delas politicas	h08Bgsd, bGpaZ6K
3.1.4	hArfwcl	ut natura non deficiat in necessariis , <b> oportet quid naturale esse </b> quicquid secundum se deseruit	conuiene <b> que sea cosa natural todo aquello </b> que sirue a conplimiento de uida	oVHJo4D
3.1.4	yYASBGQ	quam communitates illae , <b> oportet eam esse secundum naturam . </b> Secunda uia ad inuestigandum hoc idem ,	que estas dos comuidades <b> por ende conuiene | que la çibdat lea comuidat natraal ¶ </b> La segunda razon para prouar	fJWq2QA, qgZMuOO
3.1.6	llKIioC	in inueniendo artem aliquam , <b> sed oportet ad hoc iuuari </b> per auxilium praecedentium	niguno non abasta assi mismo en fallar algunan arte <b> mas conuiene que sea ayuda de </b> por ayuda de los que passaronante	eQ3tDzq
3.1.8	qdlDvBb	Quia ergo diuersis indigemus ad vitam , <b> oportet in ciuitate diuersitatem esse . </b> Tertia via declarans	por que nos auemos me estermuchͣs cosas departidas para abastamiento dela uida <b> conuiene que enla çibdat sea algun departimiento . </b> La tercera razon que declara e manifiesta las razones	nJCFWOV
3.1.8	vjegENs	nisi sit ibi diuersitas officiorum . <b> Decet ergo hoc Reges , et Principes cognoscere , </b> quod nunquam quis bene nouit regere ciuitatem ,	e de los ofiçiales . <b> Et pues que assi es conuiene alos Reyes | e alos prinçipes de sabesto </b> por que munca ninguno sopo bien gouernar çibdat	nm25vUq, qHnrg98
3.1.11	zcm7oUh	ex parte ipsorum communicantium in haereditate communi , <b> eo quod oporteat eos valde ad inuicem conuersari , </b> ostenditur ut plurimum homines habere lites et iurgia	los que han la heredat en comun paresçe <b> por que han de beuir en vno </b> que por la mayor parte han contiendas e uaraias por la qual cosa dize el philosofo	q5B1OM6
3.1.11	vih1uTN	et indignamur erga illos , <b> quia oportet nos habere </b> ad illos multa colloquia ,	e nos enssannamos contra ellos muchͣs uezes <b> por que nos conuiene de fablar muchͣs uezes con ellos </b> e de beuir conellos	nw0esk2
3.1.14	qiHIhSf	et onerosius et quasi omnino importabile esset sustentare sic quinque milia : <b> oporteret enim ciuitatem illam habere possessiones quasi ad votum , </b> ut posset ex communibus sumptibus	ca conuerne <b> que aquella çibdat ouiesse tantas possessiones | quantas quisiesse a ssu uoluntad </b> por que pudiesse de las rentas comunes abondar atanta muchedunbre	i6Sklxj, h7u9eIw
3.1.17	tD6V3bI	possumus triplici via venari , <b> quod non oportet possessiones aequatas esse , </b> ut Phaleas statuebat .	por tres razones podemos prouar <b> que non conuiene | que las possessiones sean egualadas </b> en aquella manera	zKgRlAc, wveyxB0
3.1.17	rR57MpH	sumitur ex parte virtutum <b> quas decet habere ciues : </b> decet enim ipsos	non es conuenible se toma de parte delas uirtudes <b> que deuen auer los çibdadanos </b> por que conuiene	pVXeR8W
3.2.5	eDedAFt	per haereditatem transferatur ad posteros , <b> oportet eam transferre in filios , </b> quia secundum lineam consanguinitatis filii parentibus maxime sunt coniuncti :	por hedamiento conuiene alos pueblos <b> que tomne alos fijos </b> ca segunt el linage del patente	gDA9kAN
3.2.5	yiYiODP	quia ( ut ait Philosophus in Politiis ) <b> decet iuniores senioribus obedire . </b> Immo quia patres plus communiter primogenitos diligunt ;	conuiene <b> que los mas mançebos obedescan alos mas uieios e avn </b> por que los padres comunalmente	zzrdA6q
3.2.6	oQ7aXA1	cum calefit et rarefit , <b> oportet raritatem et calorem perfectius reperiri </b> in igne iam generato	por que la materia estonçe es puesta e tornada en fuego <b> quando es muy escalentada | e muy enraleçida conuiene que la raledat e la calentura mas acabadamente sea fallada en el fuego </b> despues que fuere engendrado e ençendido .	boUPy2i, dcfnpFj
3.2.6	plsGbBO	in ipsa monarchia perfectius reperiri . <b> Decet enim ipsum regem volentem recte regere </b> ( quantum ad praesens spectat )	que ante ca conuiene <b> que el Rey | que quiere bien gouernar su regno </b> quanto parte nesçe alo presente	sMsxhVF, lS5Nr7p
3.2.10	gMJ9uIN	quibus indigent , <b> ut non vacet eis aliquid machinari contra ipsos , nec oporteat ipsos habere aliquam custodiam propter illos . </b> Verus autem Rex	en que han de de beuir de cada dia <b> por que no les uague de fazer ayuntamiento contra ellos | nin los tiranos non ayan menester ninguna guarda </b> por temor dellos .	pQLikfN, j0y1yBa
3.2.15	eQW1q13	et epiikis idest super iustus : <b> decet enim talem esse quasi semideum , </b> ut sicut alios dignitate et potentia excellit ,	ca conuiene <b> que el tal que sea | assi commo dios </b> assi que commo lieua auna taia de los otros en dignidat e en poderio	wVaQoDi, jDG6cNQ
3.2.15	pRptUlY	et saluant . <b> Decet ergo Regem frequenter meditari et habere memoriam praeteritorum </b> quae contigerunt in regno ,	e qual cosa lo salua . <b> Et pues que assi es conuiene al Rey de penssar mucha menudo | e muchͣs uezes delas cosas que passaron . </b> Et conuiene le de auer memoria de los fecho passados	flUP5nC, pMT2cnQ
3.2.16	wgiQAfL	utrum ciues inter se pacem debeant habere , <b> et utrum regnum oporteat esse in bono statu : </b> sed haec accipit tanquam certa et nota ,	si los çibdadanos deuen auer entre ssi paz . <b> Et si conuiene | que el regno se en buen estado . </b> mas esto sopone	tJ8ficu, cjUgv51
3.2.17	n7HHRff	quam unus solus : <b> decet ad huiusmodi negocia alios aduocare , </b> ut per eorum consilium possit	por la quel cosa commo muchs mas cosas ayan prouadas <b> que vno solo conuiene de llamar otros </b> para los negoçios . por que por el conseio dellos pueda ser escogida la meior carrera	hWDYufe
3.2.17	j1xjr6U	operamur autem prompte : <b> et quod oportet consiliari tarde , </b> sed facere consiliata velociter .	mas obramos en poco tienpo <b> e luego e que conuiene de touiar conseio prolongadamente </b> mas conuiene de fazerl cosas conseiadas mucho ayna .	sB5rZpf
3.2.18	fKVTU9a	Sed ad hoc quod aliquis sit bene creditiuus , <b> non oportet ipsum esse existenter talem , </b> sed sufficit quod videatur	mas para que alguno sea bien de creer <b> non conuiene | que el sea tal fechmas cunple </b> que parezca tal cael o en iudga las cosas que paresçen de fuera por las cosas que vee	gLyY8Fq, p9GRQnY
3.2.19	ig2HhBx	et prouentus regni , <b> quos oportet peruenire ad regem , </b> qui et quanti sunt :	Et conuiene que sepan las rentas del regno <b> las que han de venir al Rey quales e quantas son </b> por que si alguͣ cosa es superflua	cgY3s3r
3.2.22	cA73mb1	Possumus autem quatuor enumerare , <b> quae oportet habere iudices , </b> ut vera iudicia proferant ,	demos contar quatro cosas <b> que conuiene de auer alos iuezes </b> para que den uerdaderos iuisios	i66homL
3.2.22	eg0dlc3	ab alia vero recedit per odium , <b> oportet ipsum iudicare inique : </b> quia tunc iudicium non procedit	por abortençia o por mal querençia . <b> conuiene que el uiez judgue mal e desigual mente . </b> Ca entonçe el uuzio non salle de zelo de iustiçia	wYMg2eF
3.2.23	hR5xvvR	quibus congruit ampliori bonitate pollere . <b> Decet itaque eos esse clementes et benignos , </b> non quia iustitiam deserant ,	por mayor bondat . <b> Et pues que assi es conuiene a ellos de ser piadosos e benignos non </b> por que dexen la iustiçiaca sin ella la paz del regno	hSApSa7
3.2.26	mV1QXuG	et hoc sequi volumus , <b> oportet hoc agere . </b> Tales ergo debent esse leges ,	e esto queremos alcançar <b> conuiene que fagamos estas cosas . </b> Et pues que assi estales deuen ser las leyes	zqyMtp0
3.2.26	ggSjwPp	et bonum priuatum ordinetur ad ipsum , <b> oportet tales leges fieri </b> non quales requirit bonum priuatum ,	porque el bien propra o es ordenado al bien comun . <b> Conuiene que las leyes tales sean non </b> quales demanda el bien propre	tTug1Ri
3.2.27	f6uEPI8	ad hoc quod lex habeat vim obligandi , <b> oportet eam promulgatam esse . </b> Sed cum alia sit lex naturalis ,	Poque la ley aya uirtud e fuerça de obligar <b> conuiene que sea publicada e pregonada . </b> Mas commo otra sea la ley natural e otra la positiua en vna manera se deue publicar la vna	yf1yY3D
3.2.29	f3hzcDL	quae sit applicabilis humanis actibus . <b> Oportet igitur aliquando legem plicare ad partem unam , </b> et agere mitius cum delinquente ,	e allegar alas obras delos omes . <b> Et por ende conuiene quela ley que se ençorue </b> e se allegue algunas vezes ala vna parte e que obre mas manssamente con el que peca	nMhvHFb
3.2.29	zuFrwjG	quam lex dictat : <b> aliquando etiam oportet eam plicare ad partem oppositam , </b> et rigidius punire peccantem ,	quela ley demanda o que la ley nidga . <b> Et algunas vezes conuiene que la regla se encorue | ala parte contraria </b> e que mas reziamente de pena	gsJaneF, hPsbrr7
3.2.30	zqVFO75	attingere punctalem formam viuendi , <b> ideo oportet aliqua peccata dissimulare </b> et non punire lege humana ,	comunalmente non puede alcançar forma de beuir en punto . <b> Por ende conuiene que | dessemeie alguons pecados </b> e que les de passada	eEDBgTH, ePUIV5x
3.2.32	ypCZRO7	in ciuitate et regno , <b> oportet esse talem , </b> quod viuat bene et virtuose .	que es en el regno e enla çibdat . <b> conuiene que sea atal que biuna bien e uirtuosamente . </b> Et por ende assi conmo dize el philosofo en el terçero libro delas politicas	knyPKsU
3.2.33	aIRIvd7	ex personis mediis . <b> Decet ergo Reges et Principes adhibere cautelas , </b> ut in regno suo abundent multae personae mediae ;	establesçidas de perssonas medianeras . <b> Et pues que assi es conuiene | que los reyes e los prinçipes ayan cautelas e sabidurias . </b> por que en el su regno sean muchͣs perssonas medianeras	fp7qvUI, c6DBRFQ
3.2.36	my8Yl4W	quiescant male agere : <b> oportuit ergo aliquos inducere ad bonum , </b> et retrahere a malo timore poenae .	Por la qual cosa conuiene <b> que alguon s | enduxiessemosa bien </b> e arredrassemos del mal	zIjHOOk, wAFl9TO
3.3.1	m2rRlDf	per quam quis scit regere domum et familiam , <b> oportet esse aliam a prudentia , </b> qua quis nouit seipsum regere .	por la qual cada vno sabe gouernar la casa e la conpaña . <b> Conuiene que sea otra e departida de la sabiduria </b> por la qual cada vno sabe gouernar a ssi mismo .	gJrlSPq
3.3.1	ypSzamK	et gubernare ciues . <b> Omnes autem tres prudentias decet habere Regem , </b> videlicet particularem , oeconomicam et regnatiuam .	e en quanto ha de poner leyes e gouernar los çibdadanos . <b> Et todas estas tres sabidurias | conuiene que aya el Rey . </b> Conuiene a saber .	g3OgkxM, clUXhcZ
3.3.1	uYBliRZ	Hanc autem prudentiam videlicet militarem , <b> maxime decet habere Regem . </b> Nam licet executio bellorum , et remouere impedimenta ipsius communis boni ,	Et esta sabiduria de caualleria <b> mas pertenesçe al rey que a otro ninguno . | Ca commo quier que pertenezca a los caualleros </b> la essecuçion de las batallas	xsSUjAa, q2ibRME
3.3.3	t1vxkBJ	esse videtur armorum industria . <b> Nam siue equitem siue peditem oportet esse bellantem , </b> quasi fortuito videtur	nin ligera arte auer sabiduria de las armas . <b> Ca si quier sea cauallero si quier peon el que ha de lidiar paresçe </b> que por uentura alcaça uictoria	oQVIu4A
3.3.4	lykou0a	infra patebit . <b> Octauo decet bellatores verecundari , </b> et erubescere turpem fugam .	e otras cosas que se ayuntan a estas adelante paresçra Lo . viij° <b> que pertenesçe a los lidiadores | es de auer uerguença </b> e de guardar se	m3SPBHU, lKuIDQ9
3.3.5	nklpGr5	quid sit de quaesito tenendum , <b> oportet aduertere , </b> quod secundum diuersitatem pugnarum	Et pues que assi es para saber la uerdat <b> que auemos de tener </b> desta question de tener mientes	mV7HgiY
3.3.8	e8OnXIP	oporteat exercitum constringi et constipari . <b> Quarto si oporteat in loco illo exercitum moram contrahere , </b> et adsit possibilitas est eligenda	nin avn sea tomado tan pequeno espaçio por que la hueste este a mayor estrechura que deue . <b> Lo quarto si conueniere que aquella hueste aya de fazer | en aquel logar alguna tardança </b> e fuere cosa que se puede fazer	lBYg5o9, avmecul
3.3.9	aghKG3b	erga necessitates corporis . <b> Nam existentes in exercitu oportet multa incommoda tolerare : </b> quare si sint ibi aliqui molles ,	penssada la sufrençia en las neçessidades del cuerpo . <b> ca los que estan en las huestes | conuiene que sufran muchos males . </b> por la qual cosa si fueren y algunos muelles e mugerilles	ifojMEt, kZNMe1Y
3.3.10	bIFkGjY	non sufficiunt ad dirigendum bellantes , <b> sed oportet dare euidentia signa ; </b> ut quilibet solo intuitu sciat	para guiar los lidiadores . <b> Mas conuiene de dar otras seña les manifiestas . por que cada vno viendo aquellas señales </b> se sepa tener ordenadamente en su az	ceEIw8O
3.3.13	gOs6Utx	In percutiendo autem caesim , <b> quia oportet fieri magnum brachiorum motum prius quam infligatur plaga , </b> aduersarius ex longinquo potest prouidere vulnus ,	Mas en feriendo cortando . <b> por que conuiene de fazer grand mouimiento de los braços | ante que se de el colpe el enemigo </b> o el contrario de	kaNfmzT, pzLO2yB
3.3.14	isTyZPw	difficilius se defendere poterunt : <b> quia oportet eos sparsim incedere . Quare sicut locus ineptus defensioni , </b> si in eo hostes inueniantur ,	e con mayor trabaio . <b> Ca conuieneles que anden esparzidos . | Por la qual cosa </b> assi commo el logar malo	qP89K37, ihh6fY1
